Survived,Pclass,Sex,Age,Fare,FamilySize,isAlone
0,3,1,-0.5924805998028931,-0.5024451714361923,0.059159876663617626,0
1,1,0,0.6387890120425208,0.7868452935884461,0.059159876663617626,0
1,3,0,-0.2846631968415396,-0.4888542575852486,-0.5609748304808925,1
1,1,0,0.40792595982150565,0.4207302360686478,0.059159876663617626,0
0,3,1,0.40792595982150565,-0.4863374216869257,-0.5609748304808925,1
0,3,1,0.0,-0.47811642890864375,-0.5609748304808925,1
0,1,1,1.8700586238879346,0.395813560675251,-0.5609748304808925,1
0,3,1,-2.1315676146096605,-0.22408312108167944,1.9195639980971482,0
1,3,0,-0.20770884610120124,-0.4242561406845337,0.6792945838081278,0
1,2,0,-1.2081154057256,-0.04295550208861426,0.059159876663617626,0
1,3,0,-1.9776589131289837,-0.312172377522981,0.6792945838081278,0
1,1,0,2.177876026849288,-0.11384570873513637,-0.5609748304808925,1
0,3,1,-0.7463893012835698,-0.4863374216869257,-0.5609748304808925,1
0,3,1,0.7157433627828591,-0.01870931177853076,3.1598334123861687,0
0,3,0,-1.2081154057256,-0.4902797934380587,-0.5609748304808925,1
1,2,0,1.947012974628273,-0.3262666585535892,-0.5609748304808925,1
0,3,1,-2.1315676146096605,-0.06199888922968463,2.5396987052416584,0
1,2,1,0.0,-0.3866707201133388,-0.5609748304808925,1
0,3,0,0.1001085568601522,-0.2859972841804228,0.059159876663617626,0
1,3,0,0.0,-0.5029485386158568,-0.5609748304808925,1
0,2,1,0.40792595982150565,-0.12491978668775715,-0.5609748304808925,1
1,2,1,0.3309716090811673,-0.3866707201133388,-0.5609748304808925,1
1,3,0,-1.1311610549852615,-0.4867562231804066,-0.5609748304808925,1
1,1,1,-0.1307544953608629,0.06635974158478332,-0.5609748304808925,1
0,3,0,-1.6698415101676303,-0.22408312108167944,1.9195639980971482,0
1,3,0,0.6387890120425208,-0.016444159470040135,3.1598334123861687,0
0,3,1,0.0,-0.5029485386158568,-0.5609748304808925,1
0,1,1,-0.8233436520239081,4.647001076532463,2.5396987052416584,0
1,3,0,0.0,-0.48977642625839407,-0.5609748304808925,1
0,3,1,0.0,-0.4894421904510968,-0.5609748304808925,1
0,1,1,0.7926977135231975,-0.09027201697708476,-0.5609748304808925,1
1,1,0,0.0,2.301728820789,0.059159876663617626,0
1,3,0,0.0,-0.49237782784290063,-0.5609748304808925,1
0,2,1,2.793510832771995,-0.43700743807979686,-0.5609748304808925,1
0,1,1,-0.1307544953608629,1.0060617003323709,0.059159876663617626,0
0,1,1,0.9466064150038742,0.39858208016340624,0.059159876663617626,0
1,3,1,0.0,-0.5028639729296732,-0.5609748304808925,1
0,3,1,-0.6694349505432314,-0.4863374216869257,-0.5609748304808925,1
0,3,0,-0.9002980027642465,-0.2859972841804228,0.6792945838081278,0
1,3,0,-1.2081154057256,-0.42207354059350805,0.059159876663617626,0
0,3,0,0.7926977135231975,-0.4576454924460446,0.059159876663617626,0
0,2,0,-0.20770884610120124,-0.22559322262067316,0.059159876663617626,0
0,3,1,0.0,-0.4894421904510968,-0.5609748304808925,1
1,2,0,-2.054613263869322,0.18876253192945994,1.299429290952638,0
1,3,0,-0.8233436520239081,-0.48977642625839407,-0.5609748304808925,1
0,3,1,0.0,-0.4863374216869257,-0.5609748304808925,1
0,3,1,0.0,-0.3363340021468808,0.059159876663617626,0
1,3,0,0.0,-0.49237782784290063,-0.5609748304808925,1
0,3,1,0.0,-0.21191774308354583,0.6792945838081278,0
0,3,0,-0.9002980027642465,-0.29002422161773944,0.059159876663617626,0
0,3,1,-1.7467958609079686,0.1506737441786005,2.5396987052416584,0
0,3,1,-0.6694349505432314,-0.4913710934835715,-0.5609748304808925,1
1,1,0,1.4852868701862427,0.8964967865378598,0.059159876663617626,0
1,2,0,-0.05380014462052453,-0.12491978668775715,0.059159876663617626,0
0,1,1,2.7165564820316566,0.5995101505357573,0.059159876663617626,0
1,1,1,0.0,0.06635974158478332,-0.5609748304808925,1
1,2,0,-0.6694349505432314,-0.43700743807979686,-0.5609748304808925,1
0,3,1,-0.0922773199906937,-0.5028639729296732,-0.5609748304808925,1
1,2,0,-1.9007045623886454,-0.08968408411123653,1.299429290952638,0
0,3,1,-1.4389784579466152,0.2958951755118318,3.779968119530679,0
0,3,1,-0.5924805998028931,-0.5028639729296732,-0.5609748304808925,1
1,1,0,0.6387890120425208,0.962353321387736,-0.5609748304808925,1
0,1,1,1.1774694672248893,1.0323213593611125,0.059159876663617626,0
0,3,1,-1.9776589131289837,-0.08666388103324908,2.5396987052416584,0
0,1,1,0.0,-0.09027201697708476,-0.5609748304808925,1
1,3,1,0.0,-0.3414522396297103,0.6792945838081278,0
1,2,0,-0.05380014462052453,-0.43700743807979686,-0.5609748304808925,1
0,3,1,-0.8233436520239081,-0.4841568350646187,-0.5609748304808925,1
1,3,0,-0.977252353504585,-0.4888542575852486,3.1598334123861687,0
0,3,1,-0.2846631968415396,-0.47400492578514347,0.6792945838081278,0
0,2,1,0.17706290760049057,-0.43700743807979686,-0.5609748304808925,1
0,3,0,-1.0542067042449232,0.2958951755118318,3.779968119530679,0
0,2,1,-0.6694349505432314,0.8314778546749452,-0.5609748304808925,1
0,3,1,-0.2846631968415396,-0.3573908580066095,0.059159876663617626,0
1,3,1,0.17706290760049057,0.48910360681684706,-0.5609748304808925,1
0,3,1,-0.361617547581878,-0.494391296561559,-0.5609748304808925,1
0,3,1,0.0,-0.4894421904510968,-0.5609748304808925,1
0,3,1,0.0,-0.4863374216869257,-0.5609748304808925,1
1,2,1,-2.2216042049758564,-0.06451572512800753,0.6792945838081278,0
1,3,0,0.02315420611981384,-0.397241430886295,-0.5609748304808925,1
0,3,1,-0.5924805998028931,-0.46720946885967163,-0.5609748304808925,1
1,3,1,-0.05380014462052453,-0.45714212526638004,-0.5609748304808925,1
1,3,0,0.0,-0.49162277707340374,-0.5609748304808925,1
0,1,1,-0.1307544953608629,0.29992211294914856,-0.5609748304808925,1
1,2,0,-0.977252353504585,-0.43700743807979686,-0.5609748304808925,1
1,3,0,0.25401725834082894,-0.32928686163157667,1.299429290952638,0
0,3,1,-1.0542067042449232,0.04370821849987721,1.9195639980971482,0
0,3,1,0.0,-0.4863374216869257,-0.5609748304808925,1
1,1,0,-0.5155262490625547,4.647001076532463,2.5396987052416584,0
0,3,1,-0.4385718983222164,-0.4863374216869257,-0.5609748304808925,1
0,3,1,-0.05380014462052453,-0.4863374216869257,-0.5609748304808925,1
0,3,1,-0.7463893012835698,-0.4902797934380587,-0.5609748304808925,1
0,1,1,1.2544238179652276,0.5833178351003071,0.059159876663617626,0
0,3,1,-0.2846631968415396,-0.23415046467497105,1.299429290952638,0
0,3,1,2.2548303775896263,-0.5024451714361923,-0.5609748304808925,1
0,3,1,0.0,-0.4863374216869257,-0.5609748304808925,1
0,1,1,3.1782825864736868,0.0493298231623713,-0.5609748304808925,1
1,1,1,-0.5155262490625547,0.6272778976347743,0.059159876663617626,0
1,2,0,0.3309716090811673,-0.18532384824750675,0.059159876663617626,0
0,2,1,0.3309716090811673,-0.12491978668775715,0.059159876663617626,0
0,3,0,-0.1307544953608629,-0.4894421904510968,-0.5609748304808925,1
0,3,1,0.0,-0.4894421904510968,-0.5609748304808925,1
0,1,1,-0.6694349505432314,0.907737982394129,0.059159876663617626,0
0,3,1,0.25401725834082894,-0.4741720436887921,-0.5609748304808925,1
0,3,1,0.5618346613021824,-0.4888542575852486,0.6792945838081278,0
0,3,1,-0.1307544953608629,-0.4894421904510968,-0.5609748304808925,1
1,3,0,-0.6694349505432314,-0.494391296561559,-0.5609748304808925,1
1,3,1,0.0,-0.4918744606632361,-0.5609748304808925,1
0,3,1,0.6387890120425208,-0.4894421904510968,-0.5609748304808925,1
1,3,0,0.0,-0.1621689579829361,0.059159876663617626,0
0,1,1,1.3313781687055661,0.39858208016340624,-0.5609748304808925,1
0,3,0,-1.169638230355431,-0.3573908580066095,0.059159876663617626,0
0,3,1,-0.5924805998028931,-0.4863374216869257,-0.5609748304808925,1
0,3,0,-0.7463893012835698,-0.4505983519307405,0.059159876663617626,0
0,3,0,-0.977252353504585,-0.3573083057891445,-0.5609748304808925,1
0,3,1,-0.6694349505432314,-0.4888542575852486,-0.5609748304808925,1
0,3,1,3.139805411103518,-0.49237782784290063,-0.5609748304808925,1
0,2,1,-0.05380014462052453,-0.22559322262067316,0.059159876663617626,0
0,1,1,-0.4385718983222164,4.335332226633905,0.059159876663617626,0
0,3,0,-2.1315676146096605,-0.01870931177853076,3.1598334123861687,0
0,2,1,-0.6694349505432314,0.8314778546749452,0.6792945838081278,0
0,3,1,0.0,-0.4863374216869257,-0.5609748304808925,1
0,2,1,0.21554008297065974,-0.04295550208861426,0.059159876663617626,0
1,2,0,0.21554008297065974,-0.3866707201133388,-0.5609748304808925,1
0,1,1,1.8700586238879346,0.907737982394129,0.059159876663617626,0
1,3,1,-1.3620241072062766,-0.42207354059350805,0.059159876663617626,0
0,3,1,0.0,-0.49237782784290063,-0.5609748304808925,1
1,3,1,-0.4385718983222164,-0.5046257580584992,-0.5609748304808925,1
1,3,0,0.0,-0.19824427701513722,0.6792945838081278,0
0,3,1,1.1774694672248893,-0.5079822104125026,-0.5609748304808925,1
0,3,1,0.25401725834082894,-0.4894421904510968,-0.5609748304808925,1
0,3,1,-0.7463893012835698,-0.5064721088735089,-0.5609748304808925,1
0,3,0,1.3313781687055661,-0.35646868933346404,0.059159876663617626,0
1,2,0,-0.05380014462052453,-0.12491978668775715,0.059159876663617626,0
0,2,1,-0.361617547581878,-0.3866707201133388,-0.5609748304808925,1
0,2,1,-0.5155262490625547,-0.3454791770670269,-0.5609748304808925,1
1,1,0,-0.8233436520239081,-0.11921562980779811,0.6792945838081278,0
0,1,1,0.5618346613021824,0.4207302360686478,0.059159876663617626,0
0,3,1,-1.0542067042449232,-0.4628462821463391,-0.5609748304808925,1
0,1,1,-0.4385718983222164,0.9462455716384695,-0.5609748304808925,1
0,3,0,0.0,-0.3414522396297103,0.6792945838081278,0
1,3,0,-0.5924805998028931,-0.49237782784290063,-0.5609748304808925,1
1,3,0,-0.4385718983222164,-0.32928686163157667,0.059159876663617626,0
0,3,1,-0.8233436520239081,-0.5125125150294839,-0.5609748304808925,1
0,2,1,-0.9002980027642465,-0.41687275089321363,-0.5609748304808925,1
0,2,1,-0.8233436520239081,0.09152810056801232,0.6792945838081278,0
1,3,1,-0.20770884610120124,-0.49145565916975514,-0.5609748304808925,1
0,3,0,-1.5928871594272918,0.04370821849987721,1.9195639980971482,0
0,2,1,0.5233574859320133,-0.12491978668775715,0.6792945838081278,0
0,2,1,0.9466064150038742,-0.3866707201133388,-0.5609748304808925,1
0,2,1,1.6391955716669195,-0.39623469652696586,-0.5609748304808925,1
1,1,0,-0.5924805998028931,0.6925485130875209,0.059159876663617626,0
0,3,1,1.985490149998442,-0.4863374216869257,-0.5609748304808925,1
0,3,1,0.8311748888933667,-0.35646868933346404,0.6792945838081278,0
0,3,1,0.0,-0.5011867534870308,-0.5609748304808925,1
0,1,1,1.6391955716669195,0.5874293382238074,0.059159876663617626,0
1,3,0,-1.0542067042449232,-0.49271407711891657,-0.5609748304808925,1
0,3,1,0.02315420611981384,-0.4863374216869257,-0.5609748304808925,1
0,3,1,0.0,-0.47400492578514347,-0.5609748304808925,1
0,3,1,0.0,0.7519458402879414,5.64037224096421,0
0,3,1,1.100515116484551,-0.32425318983493084,0.059159876663617626,0
1,2,0,0.7926977135231975,-0.331300330350235,-0.5609748304808925,1
0,3,1,-0.2846631968415396,-0.4918744606632361,-0.5609748304808925,1
0,3,1,-0.977252353504585,-0.47400492578514347,-0.5609748304808925,1
0,3,1,-2.208521965349999,0.1506737441786005,2.5396987052416584,0
1,3,1,-1.5928871594272918,-0.2351571990343002,0.6792945838081278,0
1,1,0,0.0,0.4589861417231558,0.059159876663617626,0
0,3,0,1.1774694672248893,-0.08666388103324908,2.5396987052416584,0
0,1,1,0.0,-0.12642988822675086,-0.5609748304808925,1
0,3,1,-0.1307544953608629,0.48910360681684706,-0.5609748304808925,1
0,1,1,2.4087390790703034,0.026090367211616904,-0.5609748304808925,1
0,3,1,-1.9776589131289837,-0.06199888922968463,2.5396987052416584,0
1,3,0,-2.208521965349999,-0.4242561406845337,0.6792945838081278,0
0,3,1,-0.6694349505432314,-0.4888542575852486,-0.5609748304808925,1
0,1,1,2.0239673253686115,-0.030371322596999754,-0.5609748304808925,1
0,3,1,-0.9002980027642465,-0.4902797934380587,0.6792945838081278,0
0,3,1,0.0,-0.13565761536436197,1.9195639980971482,0
0,1,0,1.5622412209265812,-0.07030444769415023,-0.5609748304808925,1
0,2,1,0.02315420611981384,-0.3866707201133388,-0.5609748304808925,1
0,3,1,0.48488031056184405,-0.6484216535389205,-0.5609748304808925,1
0,3,0,0.0,0.7519458402879414,5.64037224096421,0
0,2,1,0.0,-0.34539461138084326,-0.5609748304808925,1
0,3,1,-1.5928871594272918,-0.016444159470040135,3.1598334123861687,0
1,2,1,-2.208521965349999,0.13683114673782454,1.299429290952638,0
1,3,0,-1.9776589131289837,-0.20495516825442542,0.6792945838081278,0
0,1,1,0.0,0.3583127057902398,-0.5609748304808925,1
1,3,0,0.0,-0.3363340021468808,0.059159876663617626,0
1,1,1,1.1774694672248893,-0.11384570873513637,-0.5609748304808925,1
0,3,1,0.7926977135231975,-0.3363340021468808,0.6792945838081278,0
0,3,1,0.48488031056184405,-0.4894421904510968,-0.5609748304808925,1
1,2,0,0.17706290760049057,-0.3866707201133388,-0.5609748304808925,1
0,2,1,-0.8233436520239081,-0.3866707201133388,-0.5609748304808925,1
1,3,0,-0.8233436520239081,-0.4902797934380587,0.059159876663617626,0
1,2,1,-2.054613263869322,-0.12491978668775715,0.6792945838081278,0
1,1,0,1.100515116484551,-0.09027201697708476,-0.5609748304808925,1
1,1,0,2.177876026849288,2.301728820789,-0.5609748304808925,1
0,3,1,0.0,-0.49237782784290063,-0.5609748304808925,1
0,3,1,0.9466064150038742,-0.47920571548543794,0.059159876663617626,0
1,3,0,0.0,-0.49237782784290063,-0.5609748304808925,1
0,2,0,-0.4385718983222164,-0.3866707201133388,-0.5609748304808925,1
0,3,1,-0.1307544953608629,-0.45714212526638004,-0.5609748304808925,1
0,3,1,0.0,0.7519458402879414,5.64037224096421,0
0,3,1,0.3309716090811673,-0.5176307525123133,-0.5609748304808925,1
0,3,1,1.2159466425950585,-0.5029485386158568,-0.5609748304808925,1
1,3,1,-0.9002980027642465,-0.4863374216869257,-0.5609748304808925,1
0,3,0,-2.1315676146096605,-0.43776248884929375,0.059159876663617626,0
0,3,1,0.17706290760049057,-0.32928686163157667,0.059159876663617626,0
1,3,1,-0.2846631968415396,-0.2701412180209885,-0.5609748304808925,1
1,3,0,-1.0542067042449232,-0.49237782784290063,-0.5609748304808925,1
1,1,1,0.7926977135231975,-0.024246350754841113,-0.5609748304808925,1
0,3,1,-0.4385718983222164,-0.5064721088735089,-0.5609748304808925,1
1,2,0,0.40792595982150565,-0.22559322262067316,-0.5609748304808925,1
0,3,1,-0.5924805998028931,-0.5024451714361923,-0.5609748304808925,1
0,2,1,0.02315420611981384,-0.3866707201133388,-0.5609748304808925,1
0,3,1,0.0,-0.49237782784290063,0.059159876663617626,0
1,1,0,0.1001085568601522,1.6323350375212924,0.059159876663617626,0
1,3,0,-0.20770884610120124,-0.4888542575852486,-0.5609748304808925,1
0,2,1,0.9466064150038742,-0.10478509950117394,0.059159876663617626,0
1,1,0,0.17706290760049057,0.8876878608937296,-0.5609748304808925,1
0,2,1,0.02315420611981384,-0.43700743807979686,-0.5609748304808925,1
1,3,1,-1.0542067042449232,-0.4863374216869257,-0.5609748304808925,1
0,2,1,-0.20770884610120124,-0.3866707201133388,-0.5609748304808925,1
0,3,1,1.6391955716669195,-0.4863374216869257,-0.5609748304808925,1
0,3,1,0.0,-0.4894421904510968,-0.5609748304808925,1
1,1,1,0.6387890120425208,1.163700193253568,0.059159876663617626,0
0,3,1,-0.5924805998028931,-0.4601623283443675,-0.5609748304808925,1
1,2,1,-0.8233436520239081,-0.43700743807979686,-0.5609748304808925,1
0,3,1,-0.7079121259134006,-0.5024451714361923,-0.5609748304808925,1
0,2,1,-0.9002980027642465,-0.3866707201133388,-0.5609748304808925,1
0,3,0,0.0,-0.13565761536436197,1.9195639980971482,0
1,1,0,0.40792595982150565,1.0323213593611125,0.059159876663617626,0
0,3,1,-0.05380014462052453,-0.4918744606632361,-0.5609748304808925,1
0,2,1,2.2548303775896263,-0.3766033765200472,-0.5609748304808925,1
1,3,0,-1.9007045623886454,-0.016444159470040135,3.1598334123861687,0
0,2,1,-0.4385718983222164,-0.43700743807979686,-0.5609748304808925,1
0,3,0,0.0,-0.49640476528021726,-0.5609748304808925,1
0,2,1,1.100515116484551,-0.12491978668775715,0.059159876663617626,0
1,2,0,-1.6698415101676303,-0.11988611489111134,0.6792945838081278,0
0,2,1,-0.8233436520239081,-0.43700743807979686,-0.5609748304808925,1
0,2,1,0.25401725834082894,-0.4012683683236117,-0.5609748304808925,1
0,3,0,0.0,-0.3573908580066095,0.059159876663617626,0
1,3,0,0.0,-0.3363340021468808,0.059159876663617626,0
0,2,1,-0.05380014462052453,-0.43700743807979686,-0.5609748304808925,1
0,3,1,-0.5924805998028931,-0.5049620073345151,-0.5609748304808925,1
0,3,1,0.02315420611981384,-0.5029485386158568,-0.5609748304808925,1
0,1,1,1.100515116484551,1.163700193253568,0.6792945838081278,0
0,3,0,-0.361617547581878,-0.4918744606632361,-0.5609748304808925,1
1,2,0,-0.4385718983222164,-0.35646868933346404,0.6792945838081278,0
1,1,1,0.5618346613021824,0.40974072380221066,0.6792945838081278,0
0,2,1,1.8700586238879346,-0.12491978668775715,0.059159876663617626,0
0,3,1,0.0,-0.5024451714361923,-0.5609748304808925,1
0,3,0,-0.05380014462052453,-0.43776248884929375,0.6792945838081278,0
0,1,1,2.4856934298106417,-0.11384570873513637,-0.5609748304808925,1
0,3,1,0.02315420611981384,-0.32425318983493084,0.059159876663617626,0
0,3,0,0.8696520642635358,-0.2414492887801075,0.6792945838081278,0
1,3,0,-0.05380014462052453,-0.3414522396297103,0.6792945838081278,0
1,1,0,0.0,0.9462455716384695,-0.5609748304808925,1
1,1,0,0.02315420611981384,1.093228788100527,-0.5609748304808925,1
1,1,0,0.40792595982150565,9.667166525013505,-0.5609748304808925,1
1,2,0,1.5622412209265812,-0.12491978668775715,0.059159876663617626,0
0,3,1,0.0,-0.49237782784290063,-0.5609748304808925,1
1,3,1,-2.054613263869322,-0.016444159470040135,3.1598334123861687,0
0,1,1,1.7161499224072578,0.955306180872432,0.6792945838081278,0
0,1,1,0.7926977135231975,-0.6484216535389205,-0.5609748304808925,1
0,3,0,0.0,-0.49237782784290063,-0.5609748304808925,1
0,2,1,0.48488031056184405,-0.43700743807979686,-0.5609748304808925,1
0,3,1,-1.0542067042449232,0.1506737441786005,2.5396987052416584,0
1,3,1,-0.361617547581878,-0.4918744606632361,0.059159876663617626,0
1,1,0,2.177876026849288,2.441497778832105,0.059159876663617626,0
1,1,0,0.40792595982150565,2.0825124140450755,-0.5609748304808925,1
0,1,1,0.0,-0.024246350754841113,-0.5609748304808925,1
1,3,1,-0.361617547581878,-0.6484216535389205,-0.5609748304808925,1
1,2,0,0.8696520642635358,-0.255795253400548,0.059159876663617626,0
0,1,1,0.5618346613021824,-0.05042144409739929,0.059159876663617626,0
1,3,0,0.0,-0.49237782784290063,-0.5609748304808925,1
1,1,0,2.56264778055098,0.921244330558889,0.059159876663617626,0
0,3,0,1.1774694672248893,-0.49237782784290063,-0.5609748304808925,1
0,2,1,0.0,-0.6484216535389205,-0.5609748304808925,1
0,3,1,-1.7467958609079686,-0.06199888922968463,2.5396987052416584,0
1,3,0,0.40792595982150565,-0.24069423801061057,0.6792945838081278,0
0,3,1,2.7165564820316566,-0.49237782784290063,-0.5609748304808925,1
0,3,1,-0.1307544953608629,-0.4902797934380587,-0.5609748304808925,1
0,3,1,-1.0542067042449232,-0.45714212526638004,-0.5609748304808925,1
1,3,1,-0.8233436520239081,-0.4863374216869257,-0.5609748304808925,1
0,1,1,0.0,-0.12491978668775715,-0.5609748304808925,1
0,3,1,0.25401725834082894,-0.47400492578514347,-0.5609748304808925,1
1,3,1,0.02315420611981384,-0.45714212526638004,-0.5609748304808925,1
0,3,1,-0.5924805998028931,-0.4894421904510968,-0.5609748304808925,1
1,2,1,0.9466064150038742,-0.3866707201133388,-0.5609748304808925,1
1,3,0,-0.5924805998028931,-0.49237782784290063,-0.5609748304808925,1
1,1,0,-0.2846631968415396,0.9391984311231651,-0.5609748304808925,1
1,1,0,-0.8233436520239081,1.1854295476653287,0.059159876663617626,0
0,2,1,0.48488031056184405,-0.3891875560116617,-0.5609748304808925,1
0,3,0,-0.4385718983222164,-0.4702296719376591,-0.5609748304808925,1
0,3,1,-0.4385718983222164,-0.4894421904510968,-0.5609748304808925,1
0,1,1,0.0,-0.09027201697708476,-0.5609748304808925,1
0,3,1,-0.47704907369238553,-0.5028639729296732,-0.5609748304808925,1
0,1,0,-2.1315676146096605,2.4029901895877646,1.299429290952638,0
1,1,1,0.0,-0.034313694348132716,-0.5609748304808925,1
1,1,0,1.5622412209265812,4.335332226633905,0.059159876663617626,0
1,3,0,0.0,-0.49237782784290063,-0.5609748304808925,1
1,3,1,0.0,-0.18029017645086096,0.6792945838081278,0
0,3,1,-0.8233436520239081,-0.6484216535389205,-0.5609748304808925,1
1,2,0,0.0,-0.3997582667846179,-0.5609748304808925,1
0,3,1,0.0,-0.4863374216869257,-0.5609748304808925,1
1,1,1,-2.214678313409226,2.4029901895877646,1.299429290952638,0
1,1,0,0.0,1.5841789061771412,-0.5609748304808925,1
1,1,0,-0.977252353504585,1.5442457810799908,0.059159876663617626,0
0,2,1,0.02315420611981384,-0.16518916106092355,0.059159876663617626,0
1,1,0,0.02315420611981384,0.49782998024351216,-0.5609748304808925,1
1,1,0,-0.4385718983222164,1.0259447039291216,-0.5609748304808925,1
1,1,0,-0.9002980027642465,4.634416897040849,1.9195639980971482,0
0,2,0,-0.2846631968415396,-0.12491978668775715,0.6792945838081278,0
0,3,1,-0.1307544953608629,-0.4894421904510968,-0.5609748304808925,1
0,2,1,1.0235607657442125,-0.11988611489111134,0.6792945838081278,0
1,3,0,-0.2846631968415396,-0.4902797934380587,-0.5609748304808925,1
1,2,0,-0.4385718983222164,-0.12491978668775715,0.059159876663617626,0
0,2,1,1.8700586238879346,-0.36653603292675563,-0.5609748304808925,1
1,1,0,0.1001085568601522,2.671117778445337,0.6792945838081278,0
1,1,0,0.7926977135231975,2.059693773056521,0.6792945838081278,0
0,3,1,-0.5924805998028931,-0.5024451714361923,-0.5609748304808925,1
0,3,1,-0.20770884610120124,-0.4894421904510968,-0.5609748304808925,1
1,2,0,0.02315420611981384,-0.3997582667846179,-0.5609748304808925,1
1,2,0,-0.5924805998028931,-0.06451572512800753,0.6792945838081278,0
0,3,1,0.0,0.7519458402879414,5.64037224096421,0
1,1,0,0.48488031056184405,2.0825124140450755,-0.5609748304808925,1
0,3,1,2.4087390790703034,-0.5228315422126077,-0.5609748304808925,1
1,2,0,0.48488031056184405,-0.3866707201133388,-0.5609748304808925,1
1,3,0,0.1001085568601522,-0.2351571990343002,0.6792945838081278,0
1,1,0,-1.0542067042449232,0.5189714017894245,0.059159876663617626,0
1,3,0,0.0,-0.18029017645086096,0.6792945838081278,0
0,1,1,1.2159466425950585,-0.07458306872129913,-0.5609748304808925,1
0,1,1,0.6387890120425208,2.441497778832105,0.059159876663617626,0
0,3,1,-1.0542067042449232,-0.2859972841804228,0.6792945838081278,0
1,1,0,0.0,2.042579288947925,0.059159876663617626,0
0,3,1,0.0,-0.4894421904510968,-0.5609748304808925,1
0,1,1,-0.05380014462052453,0.6925485130875209,0.059159876663617626,0
1,1,0,0.8696520642635358,2.059693773056521,-0.5609748304808925,1
1,3,1,1.1774694672248893,-0.4863374216869257,-0.5609748304808925,1
0,1,1,1.1774694672248893,0.06635974158478332,-0.5609748304808925,1
1,2,1,-2.1315676146096605,-0.12491978668775715,0.6792945838081278,0
1,1,0,-0.4385718983222164,4.647001076532463,2.5396987052416584,0
0,2,1,-0.1307544953608629,-0.3866707201133388,-0.5609748304808925,1
0,2,1,-0.361617547581878,-0.3866707201133388,-0.5609748304808925,1
0,2,1,0.48488031056184405,-0.3866707201133388,-0.5609748304808925,1
1,2,0,-0.4385718983222164,-0.3866707201133388,-0.5609748304808925,1
1,2,0,0.7926977135231975,-0.3866707201133388,-0.5609748304808925,1
1,3,0,0.0,-0.32425318983493084,0.059159876663617626,0
1,3,1,-2.054613263869322,-0.32828012727224753,0.6792945838081278,0
0,3,1,0.9466064150038742,-0.47400492578514347,-0.5609748304808925,1
0,3,1,-0.5155262490625547,-0.4626791642426904,-0.5609748304808925,1
0,1,1,0.0,0.05629239799149171,-0.5609748304808925,1
0,3,1,-1.1311610549852615,-0.5028639729296732,0.6792945838081278,0
0,3,1,-0.361617547581878,-0.29002422161773944,0.059159876663617626,0
0,3,1,0.0,-0.5029485386158568,-0.5609748304808925,1
0,3,1,-0.1307544953608629,-0.45714212526638004,-0.5609748304808925,1
1,1,0,-0.5924805998028931,0.4589861417231558,0.059159876663617626,0
0,2,0,0.6387890120425208,-0.3866707201133388,-0.5609748304808925,1
1,3,0,0.0,-0.48977642625839407,-0.5609748304808925,1
1,3,0,0.0,-0.48977642625839407,-0.5609748304808925,1
0,3,1,0.7926977135231975,-0.08666388103324908,2.5396987052416584,0
0,2,1,-0.05380014462052453,-0.09027201697708476,0.059159876663617626,0
0,3,0,1.1774694672248893,-0.3573908580066095,0.059159876663617626,0
0,3,1,0.40792595982150565,-0.5064721088735089,-0.5609748304808925,1
0,3,1,0.0,-0.3363340021468808,0.059159876663617626,0
0,3,1,0.02315420611981384,-0.5024451714361923,-0.5609748304808925,1
1,1,0,2.3317847283299646,0.8667135572514657,0.059159876663617626,0
1,3,0,0.0,-0.5028639729296732,-0.5609748304808925,1
1,3,0,0.0,-0.49237782784290063,-0.5609748304808925,1
1,1,0,-0.4385718983222164,0.7469121684912956,-0.5609748304808925,1
1,1,1,-0.361617547581878,0.4678796330534696,0.059159876663617626,0
0,3,1,-0.9002980027642465,-0.5176307525123133,0.059159876663617626,0
0,3,1,-0.8233436520239081,-0.4863374216869257,-0.5609748304808925,1
0,1,1,-0.5924805998028931,2.0825124140450755,-0.5609748304808925,1
0,3,0,-2.054613263869322,-0.22408312108167944,1.9195639980971482,0
1,1,0,0.0,1.0060617003323709,0.059159876663617626,0
1,3,0,-0.5924805998028931,-0.5024451714361923,-0.5609748304808925,1
0,1,1,-0.20770884610120124,3.610064686423428,0.6792945838081278,0
0,3,1,-0.7463893012835698,-0.5676312212027554,-0.5609748304808925,1
0,3,1,-0.8233436520239081,-0.4918744606632361,-0.5609748304808925,1
1,1,0,0.9466064150038742,3.9327230485884233,-0.5609748304808925,1
1,3,0,-2.208521965349999,-0.33146744825388363,0.6792945838081278,0
0,3,1,0.17706290760049057,-0.4888542575852486,-0.5609748304808925,1
1,1,0,0.40792595982150565,0.39858208016340624,0.059159876663617626,0
0,3,1,0.0,-0.4894421904510968,-0.5609748304808925,1
0,2,1,-0.9002980027642465,0.8314778546749452,-0.5609748304808925,1
0,3,1,-2.208521965349999,0.2958951755118318,3.779968119530679,0
1,2,0,0.48488031056184405,-0.3866707201133388,-0.5609748304808925,1
0,3,1,0.0,-0.49279662933638163,-0.5609748304808925,1
1,2,0,-0.977252353504585,-0.40680540729992204,-0.5609748304808925,1
1,1,1,0.48488031056184405,1.7677408088510642,1.299429290952638,0
1,3,1,-0.6694349505432314,-0.49145565916975514,-0.5609748304808925,1
0,3,1,-0.1307544953608629,-0.4888542575852486,0.6792945838081278,0
1,1,0,-0.5155262490625547,1.6323350375212924,0.059159876663617626,0
1,3,0,-0.4385718983222164,-0.312172377522981,0.6792945838081278,0
0,3,1,-0.5924805998028931,-0.49145565916975514,-0.5609748304808925,1
0,3,0,0.1001085568601522,-0.4902797934380587,-0.5609748304808925,1
0,2,1,1.2544238179652276,-0.12491978668775715,-0.5609748304808925,1
0,2,1,-0.5155262490625547,-0.43700743807979686,-0.5609748304808925,1
1,2,0,-0.1307544953608629,-0.393717860628643,-0.5609748304808925,1
1,3,1,0.7157433627828591,-0.4888542575852486,-0.5609748304808925,1
0,3,1,-0.2846631968415396,-0.4863374216869257,-0.5609748304808925,1
0,3,0,-0.6694349505432314,-0.4505983519307405,0.059159876663617626,0
0,3,1,-0.1307544953608629,-0.32928686163157667,0.059159876663617626,0
0,3,0,-0.7463893012835698,-0.47400492578514347,-0.5609748304808925,1
0,2,1,0.3309716090811673,-0.22559322262067316,0.059159876663617626,0
0,3,1,1.6391955716669195,-0.49237782784290063,-0.5609748304808925,1
1,2,1,-2.054613263869322,-0.2708962687904854,0.6792945838081278,0
0,3,1,-0.6694349505432314,-0.4918744606632361,-0.5609748304808925,1
0,3,0,0.0,-0.13565761536436197,1.9195639980971482,0
0,3,1,0.0,-0.4894421904510968,-0.5609748304808925,1
0,3,1,0.0,-0.5103319284071769,-0.5609748304808925,1
1,1,0,0.25401725834082894,1.163700193253568,0.059159876663617626,0
0,2,1,0.0,-0.6484216535389205,-0.5609748304808925,1
1,3,1,1.100515116484551,-0.4888542575852486,-0.5609748304808925,1
0,3,0,0.0,-0.4863374216869257,-0.5609748304808925,1
1,2,0,0.3309716090811673,0.005955680025033696,0.6792945838081278,0
1,2,0,-0.9002980027642465,-0.3866707201133388,0.6792945838081278,0
0,2,1,0.02315420611981384,-0.3866707201133388,-0.5609748304808925,1
0,3,0,-1.5159328086869535,-0.1621689579829361,0.6792945838081278,0
0,3,1,0.0,-0.4894421904510968,-0.5609748304808925,1
0,3,1,-0.6694349505432314,-0.49271407711891657,-0.5609748304808925,1
0,3,1,-0.05380014462052453,-0.4898609919445778,-0.5609748304808925,1
0,3,0,-0.1307544953608629,-0.35848215805212236,0.6792945838081278,0
0,3,1,-0.9002980027642465,-0.2414492887801075,0.6792945838081278,0
0,3,1,0.0,-0.5024451714361923,-0.5609748304808925,1
1,2,0,-0.1307544953608629,-0.12491978668775715,0.059159876663617626,0
1,2,0,-0.8233436520239081,-0.12491978668775715,-0.5609748304808925,1
0,3,1,0.0,-0.49237782784290063,-0.5609748304808925,1
1,3,1,0.17706290760049057,-0.4863374216869257,-0.5609748304808925,1
1,1,1,-0.1307544953608629,-0.11384570873513637,-0.5609748304808925,1
1,3,0,0.0,-0.32425318983493084,0.059159876663617626,0
1,2,0,0.9466064150038742,-0.12491978668775715,0.059159876663617626,0
0,3,1,-0.977252353504585,-0.5049620073345151,-0.5609748304808925,1
0,1,1,1.5622412209265812,0.4771073601910807,0.059159876663617626,0
1,1,0,-1.2081154057256,1.7677408088510642,1.299429290952638,0
0,3,0,-0.6694349505432314,0.04370821849987721,1.9195639980971482,0
1,2,0,-0.4385718983222164,-0.2708962687904854,2.5396987052416584,0
0,1,1,2.6396021312913183,4.647001076532463,2.5396987052416584,0
0,2,1,0.1001085568601522,-0.43700743807979686,-0.5609748304808925,1
1,2,0,1.1774694672248893,-0.11988611489111134,0.6792945838081278,0
0,3,1,-0.7463893012835698,-0.45714212526638004,-0.5609748304808925,1
0,3,1,-0.361617547581878,-0.4918744606632361,0.059159876663617626,0
1,2,0,-0.1307544953608629,-0.3866707201133388,-0.5609748304808925,1
1,3,1,0.0,-0.48507900373776425,-0.5609748304808925,1
1,1,1,-1.9776589131289837,0.9997696105865636,0.6792945838081278,0
1,2,0,-1.2850697564659384,-0.255795253400548,0.059159876663617626,0
1,1,1,0.3309716090811673,-0.11384570873513637,-0.5609748304808925,1
1,3,0,-1.9007045623886454,-0.26066180729354516,1.299429290952638,0
1,1,1,1.7161499224072578,-0.034313694348132716,-0.5609748304808925,1
0,2,1,0.48488031056184405,-0.08968408411123653,1.299429290952638,0
0,3,1,0.0,-0.2463983948905696,0.059159876663617626,0
0,1,1,0.02315420611981384,-0.08968408411123653,-0.5609748304808925,1
1,1,1,1.4852868701862427,1.145663540471827,0.059159876663617626,0
0,3,1,0.0,-0.4863374216869257,-0.5609748304808925,1
1,3,1,-0.05380014462052453,-0.4894421904510968,-0.5609748304808925,1
0,1,1,2.7165564820316566,-0.11384570873513637,-0.5609748304808925,1
1,1,0,0.0,0.395813560675251,0.059159876663617626,0
1,2,0,1.5622412209265812,-0.43700743807979686,-0.5609748304808925,1
0,3,1,0.0,-0.49237782784290063,-0.5609748304808925,1
1,1,1,1.4083325194459044,-0.11384570873513637,-0.5609748304808925,1
0,3,1,0.3309716090811673,-0.4863374216869257,-0.5609748304808925,1
0,1,1,1.3313781687055661,0.12676380314453292,-0.5609748304808925,1
0,2,1,1.4083325194459044,-0.3866707201133388,-0.5609748304808925,1
0,3,1,0.0,-0.4863374216869257,-0.5609748304808925,1
0,3,1,0.6387890120425208,-0.5064721088735089,-0.5609748304808925,1
0,2,1,0.0,-0.6484216535389205,-0.5609748304808925,1
0,1,1,2.0239673253686115,-0.11384570873513637,-0.5609748304808925,1
0,3,1,0.0,-0.4928811950225652,-0.5609748304808925,1
1,3,0,-2.2277605530350835,-0.26066180729354516,1.299429290952638,0
0,3,1,0.0,-0.5024451714361923,-0.5609748304808925,1
0,3,1,0.6387890120425208,-0.47400492578514347,-0.5609748304808925,1
1,2,0,0.25401725834082894,-0.08968408411123653,1.299429290952638,0
1,2,0,-0.5155262490625547,-0.3707300882677209,-0.5609748304808925,1
0,3,0,-0.5924805998028931,-0.45034666834090825,-0.5609748304808925,1
0,1,1,0.0,0.39858208016340624,-0.5609748304808925,1
0,2,1,0.3309716090811673,-0.22559322262067316,0.059159876663617626,0
0,3,1,-0.05380014462052453,-0.5065566745596926,0.059159876663617626,0
0,3,1,-0.5924805998028931,-0.4969926981460655,-0.5609748304808925,1
1,3,0,-2.1315676146096605,-0.4010166847337793,0.059159876663617626,0
0,3,1,-1.5928871594272918,0.2958951755118318,3.779968119530679,0
0,2,1,0.0,-0.6484216535389205,-0.5609748304808925,1
0,3,1,1.5622412209265812,-0.4863374216869257,-0.5609748304808925,1
1,3,0,2.56264778055098,-0.455380340137554,-0.5609748304808925,1
1,1,1,-0.361617547581878,1.1854295476653287,0.059159876663617626,0
0,3,0,0.0,-0.13565761536436197,1.9195639980971482,0
1,1,0,0.40792595982150565,1.163700193253568,0.059159876663617626,0
0,1,1,2.177876026849288,-0.05042144409739929,-0.5609748304808925,1
0,3,1,0.02315420611981384,-0.4863374216869257,-0.5609748304808925,1
1,3,1,-1.5928871594272918,-0.32828012727224753,0.6792945838081278,0
0,3,1,0.0,-0.2463983948905696,0.059159876663617626,0
0,3,1,-0.6694349505432314,-0.5024451714361923,-0.5609748304808925,1
0,1,1,1.947012974628273,-0.034313694348132716,-0.5609748304808925,1
0,1,1,3.1782825864736868,0.3483299278831318,-0.5609748304808925,1
0,3,1,-0.6694349505432314,-0.4863374216869257,-0.5609748304808925,1
0,3,1,0.0,-0.3573083057891445,-0.5609748304808925,1
1,1,0,1.8700586238879346,0.9274538680872313,0.059159876663617626,0
0,3,1,0.0,-0.3443878770215141,-0.5609748304808925,1
0,1,0,-0.361617547581878,2.4029901895877646,1.299429290952638,0
0,3,1,-0.4385718983222164,-0.49145565916975514,-0.5609748304808925,1
0,3,1,-0.977252353504585,-0.47400492578514347,-0.5609748304808925,1
0,3,0,-0.6694349505432314,-0.49237782784290063,-0.5609748304808925,1
0,3,0,0.0,-0.4948100980550399,-0.5609748304808925,1
0,3,0,0.5618346613021824,-0.455380340137554,-0.5609748304808925,1
1,1,0,-1.0542067042449232,1.093228788100527,-0.5609748304808925,1
0,1,1,-0.9002980027642465,1.5442457810799908,0.059159876663617626,0
1,2,0,0.25401725834082894,-0.12491978668775715,0.6792945838081278,0
1,1,1,0.0,-0.11384570873513637,-0.5609748304808925,1
0,3,1,-0.1307544953608629,-0.1948878246611338,-0.5609748304808925,1
1,3,1,-0.2846631968415396,0.48910360681684706,-0.5609748304808925,1
1,3,1,-0.05380014462052453,-0.49237782784290063,-0.5609748304808925,1
0,3,1,0.0,-0.4863374216869257,-0.5609748304808925,1
1,1,1,0.48488031056184405,-0.11913106412161445,-0.5609748304808925,1
1,1,0,1.8700586238879346,0.5475787653441219,0.059159876663617626,0
0,3,1,-0.4385718983222164,-0.4974960653257301,-0.5609748304808925,1
0,1,1,1.3313781687055661,0.036576512298389464,-0.5609748304808925,1
1,2,0,0.3309716090811673,-0.43700743807979686,-0.5609748304808925,1
0,3,1,0.0,-0.1621689579829361,-0.5609748304808925,1
1,2,0,0.48488031056184405,-0.12491978668775715,0.059159876663617626,0
0,3,1,0.17706290760049057,-0.4894421904510968,-0.5609748304808925,1
1,1,0,0.02315420611981384,1.2341715984066093,-0.5609748304808925,1
0,3,1,-0.5924805998028931,-0.4894421904510968,-0.5609748304808925,1
0,3,1,0.0,-0.5029485386158568,-0.5609748304808925,1
1,1,0,1.100515116484551,0.5189714017894245,0.059159876663617626,0
0,3,1,0.0,-0.5028639729296732,-0.5609748304808925,1
0,3,1,0.8311748888933667,-0.49237782784290063,-0.5609748304808925,1
1,2,0,1.5622412209265812,-0.43700743807979686,-0.5609748304808925,1
0,1,1,0.0,3.817033162951754,-0.5609748304808925,1
0,3,1,0.7157433627828591,-0.4888542575852486,-0.5609748304808925,1
0,2,1,-0.5155262490625547,-0.41687275089321363,1.299429290952638,0
1,2,0,-2.1315676146096605,-0.12491978668775715,0.6792945838081278,0
0,3,1,0.0,-0.5028639729296732,-0.5609748304808925,1
0,3,1,-0.977252353504585,-0.5028639729296732,0.6792945838081278,0
1,3,0,0.0,-0.19824427701513722,0.6792945838081278,0
0,3,0,0.02315420611981384,-0.47400492578514347,-0.5609748304808925,1
1,2,0,-1.7467958609079686,-0.11988611489111134,0.6792945838081278,0
0,1,1,1.1774694672248893,-0.11384570873513637,-0.5609748304808925,1
1,1,0,0.02315420611981384,1.4944124302931971,-0.5609748304808925,1
0,3,1,0.0,-0.35646868933346404,-0.5609748304808925,1
1,1,0,-0.5924805998028931,0.3482453621969482,0.6792945838081278,0
1,1,0,0.48488031056184405,0.7811411367084872,0.6792945838081278,0
0,3,0,-1.5928871594272918,-0.01870931177853076,3.1598334123861687,0
0,3,0,-1.4389784579466152,-0.01870931177853076,3.1598334123861687,0
1,2,1,0.17706290760049057,-0.12491978668775715,0.059159876663617626,0
0,1,1,1.5622412209265812,1.4944124302931971,0.059159876663617626,0
0,1,1,2.6396021312913183,-0.12491978668775715,-0.5609748304808925,1
1,2,0,-0.8233436520239081,-0.12491978668775715,0.059159876663617626,0
1,2,1,0.0,-0.3693045524149108,-0.5609748304808925,1
0,3,1,0.25401725834082894,-0.2351571990343002,0.6792945838081278,0
1,2,1,-1.6698415101676303,0.09152810056801232,0.6792945838081278,0
1,1,1,-0.977252353504585,1.5841789061771412,0.6792945838081278,0
0,2,1,-0.20770884610120124,-0.12491978668775715,-0.5609748304808925,1
0,3,1,0.0,-0.49078316061772326,-0.5609748304808925,1
1,3,1,-0.5924805998028931,-0.5029485386158568,-0.5609748304808925,1
1,3,0,-0.5924805998028931,-0.4918744606632361,-0.5609748304808925,1
0,1,1,2.4856934298106417,-0.11384570873513637,-0.5609748304808925,1
1,1,0,1.4083325194459044,0.1489119590497745,0.059159876663617626,0
0,1,1,0.0,3.9327230485884233,-0.5609748304808925,1
1,1,0,0.7157433627828591,0.955306180872432,0.6792945838081278,0
1,3,0,0.48488031056184405,-0.29807809649237277,0.059159876663617626,0
0,3,1,0.0,-0.49237782784290063,-0.5609748304808925,1
0,3,1,0.7926977135231975,-0.4894421904510968,-0.5609748304808925,1
0,2,1,-0.1307544953608629,-0.3766033765200472,-0.5609748304808925,1
0,3,1,0.0,-0.4863374216869257,-0.5609748304808925,1
0,3,0,0.0,-0.4863374216869257,-0.5609748304808925,1
0,3,1,-0.4385718983222164,-0.1621689579829361,0.6792945838081278,0
0,3,1,-0.8233436520239081,-0.4894421904510968,-0.5609748304808925,1
0,3,0,-0.05380014462052453,-0.22408312108167944,1.9195639980971482,0
0,3,1,0.0,-0.5028639729296732,-0.5609748304808925,1
1,3,1,0.17706290760049057,-0.4902797934380587,-0.5609748304808925,1
1,2,1,2.4856934298106417,-0.43700743807979686,-0.5609748304808925,1
1,1,0,1.7931042731475964,0.38809593507663365,0.6792945838081278,0
1,1,1,0.48488031056184405,-0.11711759540295616,-0.5609748304808925,1
1,3,0,0.0,-0.49237782784290063,-0.5609748304808925,1
0,3,1,-1.0542067042449232,-0.4863374216869257,-0.5609748304808925,1
0,3,1,-0.8233436520239081,-0.35646868933346404,-0.5609748304808925,1
1,2,0,0.3309716090811673,-0.3866707201133388,-0.5609748304808925,1
1,1,0,0.7157433627828591,0.4771073601910807,0.059159876663617626,0
0,3,0,0.0,-0.3573083057891445,0.059159876663617626,0
1,3,1,0.17706290760049057,-0.4888542575852486,-0.5609748304808925,1
1,2,0,-0.361617547581878,-0.04438103794142432,0.6792945838081278,0
1,1,0,0.7157433627828591,1.5841789061771412,0.6792945838081278,0
0,2,1,1.8700586238879346,-0.12491978668775715,-0.5609748304808925,1
0,1,1,0.48488031056184405,0.15948266982273065,-0.5609748304808925,1
0,3,1,0.0,-0.47299819142581434,-0.5609748304808925,1
1,1,0,-0.9002980027642465,0.955306180872432,0.6792945838081278,0
0,2,1,1.3313781687055661,-0.3464013457401724,-0.5609748304808925,1
1,1,1,2.3317847283299646,0.9462455716384695,0.6792945838081278,0
0,3,1,-0.5924805998028931,-0.4863374216869257,-0.5609748304808925,1
0,3,1,0.0,-0.4863374216869257,-0.5609748304808925,1
0,3,1,0.40792595982150565,-0.5049620073345151,-0.5609748304808925,1
1,1,0,1.7161499224072578,0.9274538680872313,0.059159876663617626,0
0,3,1,1.3313781687055661,-0.5024451714361923,-0.5609748304808925,1
0,3,0,0.0,-0.49237782784290063,0.6792945838081278,0
0,2,1,0.5618346613021824,-0.12491978668775715,0.059159876663617626,0
0,3,1,0.48488031056184405,-0.1621689579829361,0.6792945838081278,0
1,2,0,0.0,0.016023023618325298,-0.5609748304808925,1
0,3,1,1.4852868701862427,-0.6484216535389205,-0.5609748304808925,1
0,3,1,0.0,-0.5029485386158568,-0.5609748304808925,1
1,1,1,1.4852868701862427,0.49782998024351216,0.059159876663617626,0
1,2,0,-0.4385718983222164,-0.10478509950117394,1.299429290952638,0
0,3,1,0.0,-0.4894421904510968,-0.5609748304808925,1
0,1,1,0.0,0.2052890831722074,-0.5609748304808925,1
0,3,1,1.100515116484551,-0.4863374216869257,-0.5609748304808925,1
1,1,1,0.40792595982150565,-0.11384570873513637,-0.5609748304808925,1
0,3,1,0.48488031056184405,-0.3353272677875516,0.059159876663617626,0
0,3,1,0.02315420611981384,-0.4894421904510968,-0.5609748304808925,1
1,1,1,-0.20770884610120124,-0.034313694348132716,-0.5609748304808925,1
1,2,0,-0.5924805998028931,0.18876253192945994,1.299429290952638,0
1,1,0,0.7926977135231975,2.441497778832105,-0.5609748304808925,1
0,3,0,0.7157433627828591,-0.01870931177853076,3.1598334123861687,0
0,3,1,0.0,-0.5064721088735089,-0.5609748304808925,1
1,3,0,0.0,-0.3363340021468808,0.059159876663617626,0
0,3,1,0.0,-0.49237782784290063,-0.5609748304808925,1
0,3,1,0.40792595982150565,-0.4863374216869257,-0.5609748304808925,1
1,2,0,-0.4385718983222164,0.6603330135889879,1.299429290952638,0
0,3,1,0.3309716090811673,-0.35848215805212236,0.6792945838081278,0
0,3,0,-0.2846631968415396,-0.32425318983493084,0.059159876663617626,0
1,2,0,-1.9776589131289837,0.13683114673782454,1.299429290952638,0
0,2,1,-0.2846631968415396,-0.43700743807979686,-0.5609748304808925,1
0,3,1,-0.20770884610120124,-0.3573908580066095,0.059159876663617626,0
1,1,1,0.9466064150038742,0.40974072380221066,0.059159876663617626,0
1,3,1,-0.7463893012835698,-0.33146744825388363,0.6792945838081278,0
0,3,1,-0.6694349505432314,-0.4902797934380587,-0.5609748304808925,1
0,3,1,-0.6694349505432314,-0.32425318983493084,-0.5609748304808925,1
0,1,1,2.4087390790703034,0.002347544081197954,-0.5609748304808925,1
0,2,1,2.1009216761089498,-0.3997582667846179,-0.5609748304808925,1
1,1,0,-0.6694349505432314,0.921244330558889,-0.5609748304808925,1
0,3,1,-0.2846631968415396,-0.4894421904510968,-0.5609748304808925,1
0,3,1,0.0,-0.49271407711891657,-0.5609748304808925,1
1,1,1,3.8708717431367323,-0.04438103794142432,-0.5609748304808925,1
0,3,1,1.6391955716669195,-0.5063875431873253,-0.5609748304808925,1
1,1,1,0.17706290760049057,-0.034313694348132716,-0.5609748304808925,1
0,1,1,0.0,-0.6484216535389205,-0.5609748304808925,1
0,3,0,-1.5928871594272918,-0.08666388103324908,2.5396987052416584,0
1,2,0,-0.1307544953608629,-0.3866707201133388,-0.5609748304808925,1
0,3,1,0.17706290760049057,-0.4888542575852486,-0.5609748304808925,1
0,2,1,0.1001085568601522,-0.11988611489111134,0.6792945838081278,0
0,3,0,0.8696520642635358,0.1506737441786005,2.5396987052416584,0
0,3,1,0.0,-0.32425318983493084,0.059159876663617626,0
0,3,1,-0.7463893012835698,-0.4902797934380587,-0.5609748304808925,1
1,1,0,-0.4385718983222164,0.7469121684912956,-0.5609748304808925,1
0,3,0,-2.1315676146096605,-0.08666388103324908,2.5396987052416584,0
1,3,1,0.0,0.48910360681684706,-0.5609748304808925,1
1,3,0,-2.2277605530350835,-0.26066180729354516,1.299429290952638,0
1,1,1,1.4083325194459044,0.8964967865378598,0.059159876663617626,0
0,3,1,-0.8233436520239081,-0.4894421904510968,-0.5609748304808925,1
1,1,1,2.0239673253686115,0.06635974158478332,-0.5609748304808925,1
0,3,1,0.0,-0.49640476528021726,-0.5609748304808925,1
1,3,0,-0.5155262490625547,-0.49640476528021726,-0.5609748304808925,1
0,3,1,0.0,-0.4894421904510968,-0.5609748304808925,1
1,2,0,-0.9002980027642465,-0.18532384824750675,0.059159876663617626,0
0,3,1,-0.6694349505432314,-0.47861979608830835,-0.5609748304808925,1
1,3,0,0.0,-0.49078316061772326,-0.5609748304808925,1
0,3,0,-0.9002980027642465,-0.5125125150294839,-0.5609748304808925,1
0,2,1,-0.4385718983222164,0.8314778546749452,0.6792945838081278,0
0,3,1,0.0,-0.4894421904510968,-0.5609748304808925,1
0,3,0,0.17706290760049057,-0.3363340021468808,0.6792945838081278,0
0,2,1,-0.5155262490625547,-0.3866707201133388,-0.5609748304808925,1
0,1,1,2.177876026849288,1.6323350375212924,0.6792945838081278,0
1,1,1,1.5622412209265812,2.042579288947925,0.6792945838081278,0
0,3,1,0.7926977135231975,-0.5029485386158568,-0.5609748304808925,1
0,1,1,1.3313781687055661,-0.13322534515222276,-0.5609748304808925,1
0,3,1,0.48488031056184405,-0.4974960653257301,-0.5609748304808925,1
1,3,1,-0.7463893012835698,-0.4888542575852486,0.059159876663617626,0
0,2,1,0.17706290760049057,0.8314778546749452,0.6792945838081278,0
0,2,1,-0.361617547581878,-0.3866707201133388,-0.5609748304808925,1
0,3,1,0.0,-0.4918744606632361,-0.5609748304808925,1
0,3,1,1.0235607657442125,-0.4863374216869257,-0.5609748304808925,1
1,1,0,0.0,0.39858208016340624,0.059159876663617626,0
1,2,0,0.7926977135231975,0.13683114673782454,0.6792945838081278,0
0,1,1,0.1001085568601522,0.39858208016340624,0.059159876663617626,0
0,2,1,3.1013282357333485,-0.43700743807979686,-0.5609748304808925,1
1,2,1,0.1001085568601522,-0.3866707201133388,-0.5609748304808925,1
0,2,1,0.0,-0.6484216535389205,-0.5609748304808925,1
0,3,1,-0.9002980027642465,-0.4918744606632361,-0.5609748304808925,1
0,3,1,-0.4000947229520472,-0.4863374216869257,-0.5609748304808925,1
1,3,0,-0.9002980027642465,-0.45026210265472455,-0.5609748304808925,1
0,3,0,1.0235607657442125,0.2958951755118318,3.779968119530679,0
1,1,1,0.48488031056184405,9.667166525013505,0.059159876663617626,0
0,3,0,0.0,-0.48457563655809965,-0.5609748304808925,1
1,1,1,-0.20770884610120124,0.8964967865378598,-0.5609748304808925,1
0,3,1,-0.7463893012835698,-0.4626791642426904,-0.5609748304808925,1
0,3,1,-1.2081154057256,0.2958951755118318,3.779968119530679,0
0,2,1,2.3317847283299646,0.13683114673782454,0.6792945838081278,0
0,2,1,-0.361617547581878,0.18876253192945994,1.299429290952638,0
0,3,1,-1.2081154057256,0.1506737441786005,2.5396987052416584,0
0,3,1,-0.8233436520239081,-0.44363577710162005,-0.5609748304808925,1
0,3,1,-0.9002980027642465,-0.49145565916975514,-0.5609748304808925,1
1,1,0,-1.1311610549852615,3.6067927997556075,0.059159876663617626,0
1,1,1,0.1001085568601522,0.49925551609632224,0.059159876663617626,0
1,3,0,-1.9776589131289837,-0.37828059596268965,0.059159876663617626,0
1,3,1,0.0,0.48910360681684706,-0.5609748304808925,1
0,3,1,-0.361617547581878,-0.5029485386158568,-0.5609748304808925,1
0,1,1,2.3317847283299646,-0.11384570873513637,-0.5609748304808925,1
0,2,1,1.7161499224072578,-0.3766033765200472,-0.5609748304808925,1
0,3,1,1.100515116484551,-0.4863374216869257,-0.5609748304808925,1
1,3,0,0.0,-0.49271407711891657,-0.5609748304808925,1
0,1,1,1.4852868701862427,1.5841789061771412,0.6792945838081278,0
0,3,1,0.9466064150038742,-0.494391296561559,-0.5609748304808925,1
1,1,0,-0.9002980027642465,3.9327230485884233,0.059159876663617626,0
1,1,1,0.40792595982150565,-0.11913106412161445,-0.5609748304808925,1
0,3,0,-0.9002980027642465,-0.3573908580066095,0.059159876663617626,0
0,3,1,-0.361617547581878,-0.4925449457465493,-0.5609748304808925,1
0,3,1,-0.2846631968415396,-0.4902797934380587,0.059159876663617626,0
0,2,1,0.7157433627828591,-0.12491978668775715,-0.5609748304808925,1
1,2,0,1.1774694672248893,-0.3766033765200472,-0.5609748304808925,1
1,1,1,0.9466064150038742,-0.11913106412161445,-0.5609748304808925,1
1,1,0,-0.5924805998028931,2.4029901895877646,-0.5609748304808925,1
1,3,1,0.0,-0.3414522396297103,0.6792945838081278,0
1,1,0,-0.4385718983222164,0.3483299278831318,-0.5609748304808925,1
0,1,1,0.0,-0.11384570873513637,-0.5609748304808925,1
1,1,1,1.4083325194459044,0.39858208016340624,0.059159876663617626,0
0,3,1,-0.05380014462052453,-0.457478374542396,-0.5609748304808925,1
0,2,1,1.7161499224072578,-0.3866707201133388,-0.5609748304808925,1
0,3,1,-0.8233436520239081,-0.494391296561559,-0.5609748304808925,1
1,1,0,0.6387890120425208,3.9327230485884233,-0.5609748304808925,1
1,2,0,-0.20770884610120124,-0.43700743807979686,-0.5609748304808925,1
0,3,1,0.0,-0.3363340021468808,-0.5609748304808925,1
0,3,1,0.25401725834082894,-0.4918744606632361,-0.5609748304808925,1
1,2,0,-1.8237502116483069,0.016023023618325298,0.059159876663617626,0
0,3,1,-0.977252353504585,-0.5063875431873253,0.059159876663617626,0
0,2,1,0.3309716090811673,-0.3866707201133388,-0.5609748304808925,1
0,2,1,1.5622412209265812,-0.3866707201133388,-0.5609748304808925,1
1,1,1,-0.20770884610120124,0.4207302360686478,0.059159876663617626,0
0,3,1,-0.7463893012835698,-0.47400492578514347,-0.5609748304808925,1
1,2,0,0.02315420611981384,-0.22559322262067316,1.299429290952638,0
1,3,0,0.0,-0.4926295114327329,-0.5609748304808925,1
0,2,1,-0.361617547581878,-0.12491978668775715,0.059159876663617626,0
0,3,0,-0.361617547581878,-0.4888542575852486,0.059159876663617626,0
1,1,0,-0.05380014462052453,3.6067927997556075,-0.5609748304808925,1
0,3,1,-1.4389784579466152,-0.2701412180209885,-0.5609748304808925,1
0,2,1,0.0,-0.6484216535389205,-0.5609748304808925,1
0,2,1,-0.5155262490625547,-0.3866707201133388,-0.5609748304808925,1
0,2,1,-0.5155262490625547,-0.3866707201133388,-0.5609748304808925,1
0,3,1,-0.0922773199906937,-0.32425318983493084,-0.5609748304808925,1
0,3,0,1.4083325194459044,0.04370821849987721,1.9195639980971482,0
1,1,1,0.40792595982150565,9.667166525013505,-0.5609748304808925,1
0,3,1,0.0,-0.4894421904510968,-0.5609748304808925,1
0,3,1,0.0,-0.4894421904510968,-0.5609748304808925,1
1,1,1,0.0,-0.04438103794142432,-0.5609748304808925,1
0,1,1,0.48488031056184405,0.9391984311231651,0.059159876663617626,0
1,1,0,-0.6694349505432314,4.634416897040849,1.9195639980971482,0
0,3,1,-0.4385718983222164,-0.32425318983493084,0.059159876663617626,0
1,3,1,0.1001085568601522,-0.4888542575852486,-0.5609748304808925,1
0,1,1,3.1013282357333485,0.7811411367084872,0.6792945838081278,0
0,3,1,-1.0542067042449232,-0.24069423801061057,0.6792945838081278,0
1,2,0,0.02315420611981384,-0.3866707201133388,-0.5609748304808925,1
0,1,1,-0.8233436520239081,0.4207302360686478,0.059159876663617626,0
0,3,1,0.1001085568601522,-0.49237782784290063,-0.5609748304808925,1
1,2,0,-1.9776589131289837,-0.18532384824750675,0.6792945838081278,0
1,3,1,-1.8237502116483069,-0.397241430886295,0.059159876663617626,0
0,3,1,0.25401725834082894,-0.45714212526638004,-0.5609748304808925,1
0,3,1,-0.5155262490625547,-0.4894421904510968,-0.5609748304808925,1
1,2,0,1.4083325194459044,0.6603330135889879,1.299429290952638,0
1,2,1,-2.23391690109431,-0.35646868933346404,0.6792945838081278,0
0,3,1,-0.1307544953608629,-0.49145565916975514,-0.5609748304808925,1
0,2,1,-0.9002980027642465,-0.41687275089321363,-0.5609748304808925,1
0,3,1,0.3309716090811673,-0.4863374216869257,-0.5609748304808925,1
1,1,0,0.25401725834082894,1.093228788100527,-0.5609748304808925,1
0,3,1,0.0,-0.35646868933346404,-0.5609748304808925,1
0,3,1,0.8696520642635358,-0.5049620073345151,-0.5609748304808925,1
1,3,1,-0.7463893012835698,-0.5028639729296732,-0.5609748304808925,1
1,1,0,0.48488031056184405,1.7677408088510642,1.299429290952638,0
0,3,1,-1.0542067042449232,-0.4918744606632361,-0.5609748304808925,1
1,1,0,1.6391955716669195,0.921244330558889,0.059159876663617626,0
0,1,1,0.0,0.1489119590497745,-0.5609748304808925,1
0,3,0,0.061631381489983025,-0.49237782784290063,-0.5609748304808925,1
0,3,1,0.0,-0.1621689579829361,0.059159876663617626,0
0,3,1,0.17706290760049057,-0.4800453319411184,-0.5609748304808925,1
0,3,1,-0.4385718983222164,-0.45714212526638004,-0.5609748304808925,1
0,3,1,1.4083325194459044,-0.4902797934380587,-0.5609748304808925,1
0,2,0,2.1009216761089498,-0.43700743807979686,-0.5609748304808925,1
0,3,1,0.0,-0.5029485386158568,-0.5609748304808925,1
1,2,0,1.8700586238879346,-0.18532384824750675,1.9195639980971482,0
0,3,1,-0.9002980027642465,-0.49237782784290063,-0.5609748304808925,1
0,3,1,0.0,-0.49237782784290063,-0.5609748304808925,1
1,3,0,-1.9007045623886454,-0.397241430886295,-0.5609748304808925,1
0,3,1,0.0,-0.4926295114327329,-0.5609748304808925,1
1,1,0,1.0235607657442125,3.6067927997556075,0.059159876663617626,0
1,3,0,-1.2850697564659384,-0.5028639729296732,-0.5609748304808925,1
1,1,0,-0.977252353504585,0.49925551609632224,0.059159876663617626,0
0,1,1,-0.05380014462052453,-0.04438103794142432,-0.5609748304808925,1
0,3,1,0.0,-0.17626323901354432,1.299429290952638,0
0,3,1,-0.361617547581878,-0.5064721088735089,-0.5609748304808925,1
0,3,1,-0.361617547581878,-0.5024451714361923,-0.5609748304808925,1
1,3,0,-0.9002980027642465,-0.4974960653257301,-0.5609748304808925,1
0,3,1,-1.6698415101676303,-0.06199888922968463,2.5396987052416584,0
1,3,1,-2.208521965349999,-0.23415046467497105,1.299429290952638,0
0,1,1,1.2544238179652276,0.9462455716384695,-0.5609748304808925,1
0,3,1,0.0,-0.49237782784290063,-0.5609748304808925,1
0,2,1,-1.0542067042449232,-0.12491978668775715,-0.5609748304808925,1
0,3,0,0.0,0.7519458402879414,5.64037224096421,0
0,1,1,0.0,-0.030371322596999754,-0.5609748304808925,1
0,3,1,-0.361617547581878,-0.4894421904510968,-0.5609748304808925,1
0,2,1,0.7157433627828591,-0.3866707201133388,-0.5609748304808925,1
1,1,0,1.4852868701862427,-0.1263453225405672,-0.5609748304808925,1
1,3,0,0.1001085568601522,-0.4735861242916626,-0.5609748304808925,1
0,3,1,0.02315420611981384,-0.5028639729296732,-0.5609748304808925,1
0,3,0,0.02315420611981384,-0.1621689579829361,0.6792945838081278,0
0,2,1,0.3309716090811673,-0.3866707201133388,-0.5609748304808925,1
1,2,0,0.1001085568601522,-0.11988611489111134,0.6792945838081278,0
1,1,1,-1.4389784579466152,1.7677408088510642,1.299429290952638,0
1,3,1,-2.2531554887793948,-0.47694056317694733,0.059159876663617626,0
1,3,1,-0.20770884610120124,-0.5079822104125026,-0.5609748304808925,1
0,3,1,0.1001085568601522,-0.4918744606632361,-0.5609748304808925,1
0,1,1,0.7157433627828591,-0.6484216535389205,-0.5609748304808925,1
0,3,0,-0.9002980027642465,-0.4918744606632361,-0.5609748304808925,1
0,2,1,0.7157433627828591,-0.3866707201133388,-0.5609748304808925,1
1,1,0,0.25401725834082894,0.4207302360686478,0.059159876663617626,0
0,3,1,-0.2846631968415396,-0.4896093083547455,-0.5609748304808925,1
0,3,1,0.7157433627828591,-0.1621689579829361,-0.5609748304808925,1
0,2,1,0.40792595982150565,-0.43700743807979686,-0.5609748304808925,1
0,3,0,-1.8237502116483069,-0.01870931177853076,3.1598334123861687,0
0,3,1,0.061631381489983025,-0.4863374216869257,-0.5609748304808925,1
0,1,1,0.0,-0.6484216535389205,-0.5609748304808925,1
0,3,0,-0.5155262490625547,-0.4888542575852486,-0.5609748304808925,1
0,2,1,0.1001085568601522,0.09664633805084172,0.6792945838081278,0
0,3,1,1.0235607657442125,-0.5185529211854588,-0.5609748304808925,1
0,3,1,-1.5159328086869535,-0.08666388103324908,2.5396987052416584,0
1,1,0,1.7161499224072578,1.2341715984066093,0.6792945838081278,0
1,3,1,-0.20770884610120124,-0.47400492578514347,-0.5609748304808925,1
0,1,1,0.6387890120425208,-0.6484216535389205,-0.5609748304808925,1
1,3,0,-0.20770884610120124,-0.397241430886295,0.059159876663617626,0
0,3,1,-2.1315676146096605,0.1506737441786005,2.5396987052416584,0
0,3,1,0.0,-0.5084855775921673,-0.5609748304808925,1
0,3,1,0.0,0.48910360681684706,-0.5609748304808925,1
1,2,1,-2.208521965349999,0.09664633805084172,0.6792945838081278,0
1,3,1,0.0,-0.49237782784290063,-0.5609748304808925,1
1,1,0,2.4856934298106417,0.962353321387736,-0.5609748304808925,1
1,3,0,-1.1311610549852615,-0.3573908580066095,0.059159876663617626,0
1,2,1,-2.2216042049758564,-0.2708962687904854,0.6792945838081278,0
0,3,1,0.0,-0.5028639729296732,-0.5609748304808925,1
0,3,1,-0.5155262490625547,-0.4902797934380587,-0.5609748304808925,1
0,3,1,-0.9002980027642465,-0.48130374989027985,-0.5609748304808925,1
1,1,0,0.7157433627828591,1.0259447039291216,0.6792945838081278,0
0,3,1,-0.6694349505432314,-0.47400492578514347,-0.5609748304808925,1
0,3,1,0.0,-0.4863374216869257,-0.5609748304808925,1
1,3,1,0.17706290760049057,0.48910360681684706,-0.5609748304808925,1
1,1,1,0.0,-0.05042144409739929,-0.5609748304808925,1
0,3,1,-0.7463893012835698,-0.4888542575852486,-0.5609748304808925,1
0,2,1,-1.0542067042449232,-0.43700743807979686,-0.5609748304808925,1
1,1,0,0.02315420611981384,-0.024246350754841113,-0.5609748304808925,1
0,3,1,0.3694487844513365,-0.5188046047752911,-0.5609748304808925,1
0,3,1,-0.977252353504585,-0.47400492578514347,-0.5609748304808925,1
0,3,1,0.9466064150038742,-0.49640476528021726,-0.5609748304808925,1
0,3,1,0.0,0.7519458402879414,5.64037224096421,0
0,3,1,0.40792595982150565,-0.4894421904510968,-0.5609748304808925,1
0,2,1,-0.1307544953608629,0.016023023618325298,0.059159876663617626,0
1,1,0,0.0,1.145663540471827,0.059159876663617626,0
0,3,1,-1.9776589131289837,-0.01870931177853076,3.1598334123861687,0
0,3,1,3.409145638694702,-0.4918744606632361,-0.5609748304808925,1
0,3,0,-1.5928871594272918,-0.3414522396297103,0.6792945838081278,0
1,1,0,-1.0542067042449232,0.14488502161245778,0.059159876663617626,0
0,2,0,1.100515116484551,-0.12491978668775715,0.059159876663617626,0
1,3,0,-0.9002980027642465,-0.4601623283443675,0.059159876663617626,0
1,1,0,1.1774694672248893,2.671117778445337,0.6792945838081278,0
1,1,1,1.6391955716669195,-0.11384570873513637,-0.5609748304808925,1
1,3,0,-0.4385718983222164,-0.26066180729354516,1.299429290952638,0
0,3,1,0.0,-0.5028639729296732,-0.5609748304808925,1
0,3,1,0.8696520642635358,-0.36435544630444866,0.6792945838081278,0
0,2,1,-0.6694349505432314,-0.41687275089321363,0.059159876663617626,0
1,1,0,1.4083325194459044,-0.1263453225405672,-0.5609748304808925,1
0,3,0,0.0,0.7519458402879414,5.64037224096421,0
0,2,1,-0.4385718983222164,-0.3866707201133388,-0.5609748304808925,1
1,2,0,0.9466064150038742,-0.3866707201133388,-0.5609748304808925,1
1,2,0,-0.20770884610120124,-0.3693891181010945,0.059159876663617626,0
0,1,1,0.1001085568601522,0.3682954836973478,-0.5609748304808925,1
0,3,1,0.0,-0.45714212526638004,-0.5609748304808925,1
1,3,1,-1.9776589131289837,-0.4242561406845337,0.6792945838081278,0
0,3,1,-0.2846631968415396,-0.4894421904510968,-0.5609748304808925,1
1,1,0,1.3313781687055661,0.40974072380221066,0.6792945838081278,0
0,1,1,0.25401725834082894,-0.5477482176060045,-0.5609748304808925,1
0,3,1,1.3313781687055661,-0.46720946885967163,-0.5609748304808925,1
1,2,0,-0.1307544953608629,-0.16518916106092355,0.059159876663617626,0
1,3,0,-1.1311610549852615,-0.5029485386158568,-0.5609748304808925,1
0,3,1,-0.7463893012835698,-0.45017955043725955,-0.5609748304808925,1
0,3,1,-0.8233436520239081,-0.4894421904510968,-0.5609748304808925,1
0,3,1,0.0,-0.4894421904510968,-0.5609748304808925,1
1,1,0,2.0239673253686115,1.0259447039291216,0.059159876663617626,0
1,2,0,-0.361617547581878,-0.12491978668775715,0.059159876663617626,0
0,3,1,0.25401725834082894,-0.4894421904510968,-0.5609748304808925,1
0,3,0,-0.5924805998028931,-0.4366711888037809,-0.5609748304808925,1
0,2,1,-0.1307544953608629,-0.43700743807979686,-0.5609748304808925,1
0,3,1,-0.361617547581878,-0.5064721088735089,-0.5609748304808925,1
0,3,0,0.7157433627828591,-0.06199888922968463,2.5396987052416584,0
0,2,1,-0.20770884610120124,-0.3866707201133388,-0.5609748304808925,1
1,1,0,-0.8233436520239081,-0.04438103794142432,-0.5609748304808925,1
0,3,0,0.0,-0.17626323901354432,1.299429290952638,0
1,1,1,-0.2846631968415396,-0.04438103794142432,-0.5609748304808925,1
0,3,1,0.17706290760049057,-0.49237782784290063,-0.5609748304808925,1
